<?xml version="1.0" encoding="windows-1252" ?>
<!DOCTYPE AppModule SYSTEM "jbo_03_01.dtd">
<!---->
<AppModule
  xmlns="http://xmlns.oracle.com/bc4j"
  Name="CompanyEmployeeRecordsAM"
  Version="12.2.1.22.48"
  InheritPersonalization="merge"
  ClearCacheOnRollback="true"
  ComponentClass="model.service.CompanyEmployeeRecordsAMImpl">
  <DesignTime>
    <Attr Name="_isCodegen" Value="true"/>
  </DesignTime>
  <Properties>
    <SchemaBasedProperties>
      <LABEL
        ResId="model.service.CompanyEmployeeRecordsAM_LABEL"/>
    </SchemaBasedProperties>
  </Properties>
  <ViewUsage
    Name="EmployeeDetailsVO1"
    ViewObjectName="model.view.EmployeeDetailsVO"/>
  <ViewUsage
    Name="TransEmployeeVO1"
    ViewObjectName="model.view.TransEmployeeVO"/>
  <ViewUsage
    Name="EmployeesInsertDataVO2"
    ViewObjectName="model.view.EmployeesInsertDataVO"/>
  <ViewUsage
    Name="EmployeeEditDataVO1"
    ViewObjectName="model.view.EmployeeEditDataVO"/>
  <ViewUsage
    Name="EmployeeEditDataEOBasedVO1"
    ViewObjectName="model.view.EmployeeEditDataEOBasedVO"/>
  <ViewUsage
    Name="EmployeeEditDataEOBasedVO2"
    ViewObjectName="model.view.EmployeeEditDataEOBasedVO"/>
  <ViewUsage
    Name="LoginDetailEOBasedVO1"
    ViewObjectName="model.view.LoginDetailEOBasedVO"/>
  <ViewUsage
    Name="LoginDetailQueryVO1"
    ViewObjectName="model.view.LoginDetailQueryVO"/>
  <ResourceBundle>
    <PropertiesBundle
      PropertiesFile="model.ModelBundle"/>
  </ResourceBundle>
</AppModule>
