<?xml version="1.0" encoding="windows-1252" ?>
<!DOCTYPE AppModule SYSTEM "jbo_03_01.dtd">
<!---->
<AppModule
  xmlns="http://xmlns.oracle.com/bc4j"
  Name="PracTask4AM"
  Version="12.2.1.22.48"
  InheritPersonalization="merge"
  ComponentClass="model.service.PracTask4AMImpl"
  ClearCacheOnRollback="true">
  <DesignTime>
    <Attr Name="_isCodegen" Value="true"/>
  </DesignTime>
  <Properties>
    <SchemaBasedProperties>
      <LABEL
        ResId="model.service.PracTask4AM_LABEL"/>
    </SchemaBasedProperties>
  </Properties>
  <ViewUsage
    Name="LoginDetailEOBasedVO1"
    ViewObjectName="model.view.LoginDetailEOBasedVO"/>
  <ViewUsage
    Name="LoginDetailQueryBasedVO1"
    ViewObjectName="model.view.LoginDetailQueryBasedVO"/>
  <ResourceBundle>
    <PropertiesBundle
      PropertiesFile="model.ModelBundle"/>
  </ResourceBundle>
</AppModule>
