<?xml version="1.0" encoding="windows-1252" ?>
<adfc-config xmlns="http://xmlns.oracle.com/adf/controller" version="1.2">
  <task-flow-definition id="ApplicationTaskFlow">
    <default-activity>HomePageView</default-activity>
    <data-control-scope>
      <shared/>
    </data-control-scope>
    <managed-bean id="__1">
      <managed-bean-name>EmployeeRecordBean</managed-bean-name>
      <managed-bean-class>view.bean.EmployeeRecordBean</managed-bean-class>
      <managed-bean-scope>pageFlow</managed-bean-scope>
    </managed-bean>
    <view id="HomePageView">
      <page>/HomePageView.jsff</page>
    </view>
    <task-flow-call id="EmployeesTableTaskFlow">
      <task-flow-reference>
        <document>/WEB-INF/EmployeesTableTaskFlow.xml</document>
        <id>EmployeesTableTaskFlow</id>
      </task-flow-reference>
    </task-flow-call>
    <task-flow-call id="EmployeeLinkTaskFlow">
      <task-flow-reference>
        <document>/WEB-INF/EmployeeLinkTaskFlow.xml</document>
        <id>EmployeeLinkTaskFlow</id>
      </task-flow-reference>
    </task-flow-call>
    <task-flow-return id="taskFlowReturn1">
      <outcome>
        <name>taskFlowReturn1</name>
      </outcome>
    </task-flow-return>
    <control-flow-rule id="__2">
      <from-activity-id>HomePageView</from-activity-id>
      <control-flow-case id="__3">
        <from-outcome>CallEmployee</from-outcome>
        <to-activity-id>EmployeesTableTaskFlow</to-activity-id>
      </control-flow-case>
      <control-flow-case id="__4">
        <from-outcome>CallEmployeeForEdit</from-outcome>
        <to-activity-id>EmployeeLinkTaskFlow</to-activity-id>
      </control-flow-case>
      <control-flow-case id="__5">
        <from-outcome>Back</from-outcome>
        <to-activity-id>taskFlowReturn1</to-activity-id>
      </control-flow-case>
    </control-flow-rule>
    <use-page-fragments/>
  </task-flow-definition>
</adfc-config>
