<?xml version="1.0" encoding="windows-1252" ?>
<!DOCTYPE AppModule SYSTEM "jbo_03_01.dtd">
<!---->
<AppModule
  xmlns="http://xmlns.oracle.com/bc4j"
  Name="ButtonPopUpAM"
  Version="12.2.1.22.48"
  InheritPersonalization="merge"
  ClearCacheOnRollback="true"
  ComponentClass="model.service.ButtonPopUpAMImpl"
  DefClass="model.service.ButtonPopUpAMDefImpl">
  <DesignTime>
    <Attr Name="_isDefCodegen" Value="true"/>
    <Attr Name="_isCodegen" Value="true"/>
  </DesignTime>
  <Properties>
    <SchemaBasedProperties>
      <LABEL
        ResId="model.service.ButtonPopUpAM_LABEL"/>
    </SchemaBasedProperties>
  </Properties>
  <ViewUsage
    Name="EmployeeDetailVO1"
    ViewObjectName="model.view.EmployeeDetailVO"/>
  <ViewUsage
    Name="EmployeeVO1"
    ViewObjectName="model.view.EmployeeVO"/>
  <ResourceBundle>
    <PropertiesBundle
      PropertiesFile="model.ModelBundle"/>
  </ResourceBundle>
</AppModule>
