<?xml version="1.0" encoding="windows-1252" ?>
<!DOCTYPE AppModule SYSTEM "jbo_03_01.dtd">
<!---->
<AppModule
  xmlns="http://xmlns.oracle.com/bc4j"
  Name="PracTask2AM"
  Version="12.2.1.22.48"
  InheritPersonalization="merge"
  ClearCacheOnRollback="true"
  ComponentClass="model.service.PracTask2AMImpl">
  <DesignTime>
    <Attr Name="_isCodegen" Value="true"/>
  </DesignTime>
  <Properties>
    <SchemaBasedProperties>
      <LABEL
        ResId="model.service.PracTask2AM_LABEL"/>
    </SchemaBasedProperties>
  </Properties>
  <ViewUsage
    Name="TransTableVO1"
    ViewObjectName="model.view.TransTableVO"/>
  <ViewUsage
    Name="EmployeeVO1"
    ViewObjectName="model.view.EmployeeVO"/>
  <ResourceBundle>
    <PropertiesBundle
      PropertiesFile="model.ModelBundle"/>
  </ResourceBundle>
</AppModule>
