<References xmlns="http://xmlns.oracle.com/adf/jndi">
  <Reference name="ADF" className="oracle.jdeveloper.db.adapter.DatabaseProvider" credentialStoreKey="ADF" xmlns="">
    <Factory className="oracle.jdevimpl.db.adapter.DatabaseProviderFactory1212"/>
    <RefAddresses>
      <StringRefAddr addrType="oraDriverType">
        <Contents>thin</Contents>
      </StringRefAddr>
      <StringRefAddr addrType="hostname">
        <Contents>141.148.206.170</Contents>
      </StringRefAddr>
      <SecureRefAddr addrType="password"/>
      <StringRefAddr addrType="subtype">
        <Contents>oraJDBC</Contents>
      </StringRefAddr>
      <StringRefAddr addrType="port">
        <Contents>1525</Contents>
      </StringRefAddr>
      <StringRefAddr addrType="serviceName">
        <Contents>TEST</Contents>
      </StringRefAddr>
      <StringRefAddr addrType="user">
        <Contents>Apps</Contents>
      </StringRefAddr>
    </RefAddresses>
  </Reference>
</References>