<?xml version="1.0" encoding="windows-1252" ?>
<!DOCTYPE AppModule SYSTEM "jbo_03_01.dtd">
<!---->
<AppModule
  xmlns="http://xmlns.oracle.com/bc4j"
  Name="PasswordResetAM"
  Version="12.2.1.22.48"
  InheritPersonalization="merge"
  ClearCacheOnRollback="true"
  ComponentClass="model.service.PasswordResetAMImpl">
  <DesignTime>
    <Attr Name="_isCodegen" Value="true"/>
  </DesignTime>
  <Properties>
    <SchemaBasedProperties>
      <LABEL
        ResId="model.service.PasswordResetAM_LABEL"/>
    </SchemaBasedProperties>
  </Properties>
  <ViewUsage
    Name="UserDataEOBasedVO1"
    ViewObjectName="model.view.UserDataEOBasedVO"/>
  <ViewUsage
    Name="UserDataQueryBasedVO1"
    ViewObjectName="model.view.UserDataQueryBasedVO"/>
  <ViewUsage
    Name="UserIDEOBasedVO1"
    ViewObjectName="model.view.UserIDEOBasedVO"/>
  <ResourceBundle>
    <PropertiesBundle
      PropertiesFile="model.ModelBundle"/>
  </ResourceBundle>
</AppModule>
