<?xml version="1.0" encoding="windows-1252" ?>
<!DOCTYPE ViewLink SYSTEM "jbo_03_01.dtd">
<!---->
<ViewLink
  xmlns="http://xmlns.oracle.com/bc4j"
  Name="EmpAndDeptVL"
  Version="12.2.1.22.48"
  InheritPersonalization="merge">
  <Properties>
    <SchemaBasedProperties>
      <LABEL
        ResId="model.viewlink.EmpAndDeptVL_LABEL"/>
    </SchemaBasedProperties>
  </Properties>
  <ViewLinkDefEnd
    Name="DepartmentVO"
    Cardinality="1"
    Source="true"
    Owner="model.view.DepartmentVO">
    <DesignTime>
      <Attr Name="_isUpdateable" Value="true"/>
      <Attr Name="_finderName" Value="DepartmentVO"/>
      <Attr Name="_accessor" Value="true"/>
    </DesignTime>
    <AttrArray Name="Attributes">
      <Item Value="model.view.DepartmentVO.DepartmentId"/>
    </AttrArray>
  </ViewLinkDefEnd>
  <ViewLinkDefEnd
    Name="EmployeesVO"
    Cardinality="-1"
    Owner="model.view.EmployeesVO">
    <DesignTime>
      <Attr Name="_isUpdateable" Value="true"/>
      <Attr Name="_finderName" Value="EmployeesVO"/>
    </DesignTime>
    <AttrArray Name="Attributes">
      <Item Value="model.view.EmployeesVO.DepartmentId"/>
    </AttrArray>
  </ViewLinkDefEnd>
  <ResourceBundle>
    <PropertiesBundle
      PropertiesFile="model.ModelBundle"/>
  </ResourceBundle>
</ViewLink>
