<?xml version="1.0" encoding="windows-1252" ?>
<!DOCTYPE AppModule SYSTEM "jbo_03_01.dtd">
<!---->
<AppModule
  xmlns="http://xmlns.oracle.com/bc4j"
  Name="EncryptionAndDecryptionAM"
  Version="12.2.1.22.48"
  InheritPersonalization="merge"
  ClearCacheOnRollback="true"
  ComponentClass="model.service.EncryptionAndDecryptionAMImpl">
  <DesignTime>
    <Attr Name="_isCodegen" Value="true"/>
  </DesignTime>
  <Properties>
    <SchemaBasedProperties>
      <LABEL
        ResId="model.service.EncryptionAndDecryptionAM_LABEL"/>
    </SchemaBasedProperties>
  </Properties>
  <ViewUsage
    Name="LoginDetailsQueryBasedVO1"
    ViewObjectName="model.view.LoginDetailsQueryBasedVO"/>
  <ViewUsage
    Name="LoginDetailsVO1"
    ViewObjectName="model.view.LoginDetailsVO"/>
  <ResourceBundle>
    <PropertiesBundle
      PropertiesFile="model.ModelBundle"/>
  </ResourceBundle>
</AppModule>
