<?xml version="1.0" encoding="windows-1252" ?>
<!DOCTYPE Entity SYSTEM "jbo_03_01.dtd">
<!---->
<Entity
  xmlns="http://xmlns.oracle.com/bc4j"
  Name="LoginDetailsEO"
  Version="12.2.1.22.48"
  InheritPersonalization="merge"
  DBObjectType="table"
  DBObjectName="LOGIN_DETAILS"
  AliasName="LoginDetailsEO"
  BindingStyle="OracleName"
  RowClass="model.entity.LoginDetailsEOImpl">
  <DesignTime>
    <Attr Name="_codeGenFlag2" Value="Init|Access"/>
    <Attr Name="_isCodegen" Value="true"/>
  </DesignTime>
  <Attribute
    Name="Id"
    IsNotNull="true"
    ColumnName="ID"
    SQLType="NUMERIC"
    Type="oracle.jbo.domain.Number"
    ColumnType="NUMBER"
    TableName="LOGIN_DETAILS"
    PrimaryKey="true"/>
  <Attribute
    Name="Username"
    IsUnique="true"
    IsNotNull="true"
    Precision="255"
    ColumnName="USERNAME"
    SQLType="VARCHAR"
    Type="java.lang.String"
    ColumnType="VARCHAR2"
    TableName="LOGIN_DETAILS">
    <DesignTime>
      <Attr Name="_DisplaySize" Value="255"/>
    </DesignTime>
  </Attribute>
  <Attribute
    Name="PaswordHash"
    Precision="2555"
    ColumnName="PASWORD_HASH"
    SQLType="VARCHAR"
    Type="java.lang.String"
    ColumnType="VARCHAR2"
    TableName="LOGIN_DETAILS">
    <DesignTime>
      <Attr Name="_DisplaySize" Value="2555"/>
    </DesignTime>
  </Attribute>
  <Key
    Name="SysC0017615"
    PrimaryKey="true">
    <DesignTime>
      <Attr Name="_DBObjectName" Value="SYS_C0017615"/>
    </DesignTime>
    <AttrArray Name="Attributes">
      <Item Value="model.entity.LoginDetailsEO.Id"/>
    </AttrArray>
  </Key>
  <Key
    Name="SysC0017616">
    <DesignTime>
      <Attr Name="_isUnique" Value="true"/>
      <Attr Name="_DBObjectName" Value="SYS_C0017616"/>
    </DesignTime>
    <AttrArray Name="Attributes">
      <Item Value="model.entity.LoginDetailsEO.Username"/>
    </AttrArray>
  </Key>
</Entity>
