<?xml version="1.0" encoding="windows-1252" ?>
<!DOCTYPE Entity SYSTEM "jbo_03_01.dtd">
<!---->
<Entity
  xmlns="http://xmlns.oracle.com/bc4j"
  Name="DepartmentEO"
  Version="12.2.1.22.48"
  InheritPersonalization="merge"
  DBObjectType="table"
  DBObjectName="DEPARTMENTS"
  AliasName="DepartmentEO"
  BindingStyle="OracleName">
  <Attribute
    Name="Deptno"
    IsNotNull="true"
    Precision="2"
    Scale="0"
    ColumnName="DEPTNO"
    SQLType="NUMERIC"
    Type="oracle.jbo.domain.Number"
    ColumnType="NUMBER"
    TableName="DEPARTMENTS"
    PrimaryKey="true"/>
  <Attribute
    Name="Dname"
    Precision="14"
    ColumnName="DNAME"
    SQLType="VARCHAR"
    Type="java.lang.String"
    ColumnType="VARCHAR2"
    TableName="DEPARTMENTS">
    <DesignTime>
      <Attr Name="_DisplaySize" Value="14"/>
    </DesignTime>
  </Attribute>
  <Attribute
    Name="Loc"
    Precision="13"
    ColumnName="LOC"
    SQLType="VARCHAR"
    Type="java.lang.String"
    ColumnType="VARCHAR2"
    TableName="DEPARTMENTS">
    <DesignTime>
      <Attr Name="_DisplaySize" Value="13"/>
    </DesignTime>
  </Attribute>
  <AccessorAttribute
    Name="EmployeeEO"
    Association="model.entities.FkDeptnoAssoc"
    AssociationEnd="model.entities.FkDeptnoAssoc.EmployeeEO"
    AssociationOtherEnd="model.entities.FkDeptnoAssoc.DepartmentEO"
    Type="oracle.jbo.RowIterator"
    IsUpdateable="false"/>
  <Key
    Name="PkDept"
    PrimaryKey="true">
    <DesignTime>
      <Attr Name="_DBObjectName" Value="PK_DEPT"/>
    </DesignTime>
    <AttrArray Name="Attributes">
      <Item Value="model.entities.DepartmentEO.Deptno"/>
    </AttrArray>
  </Key>
</Entity>
