<?xml version="1.0" encoding="windows-1252" ?>
<!DOCTYPE Association SYSTEM "jbo_03_01.dtd">
<!---->
<Association
  xmlns="http://xmlns.oracle.com/bc4j"
  Name="FkDeptnoAssoc"
  Version="12.2.1.22.48"
  InheritPersonalization="merge">
  <DesignTime>
    <Attr Name="_isCodegen" Value="true"/>
  </DesignTime>
  <AssociationEnd
    Name="DepartmentEO"
    Cardinality="1"
    Source="true"
    Owner="model.entities.DepartmentEO">
    <DesignTime>
      <Attr Name="_isUpdateable" Value="true"/>
      <Attr Name="_aggregation" Value="0"/>
      <Attr Name="_finderName" Value="DepartmentEO"/>
      <Attr Name="_foreignKey" Value="model.entities.DepartmentEO.PkDept"/>
    </DesignTime>
    <AttrArray Name="Attributes">
      <Item Value="model.entities.DepartmentEO.Deptno"/>
    </AttrArray>
  </AssociationEnd>
  <AssociationEnd
    Name="EmployeeEO"
    Cardinality="-1"
    Owner="model.entities.EmployeeEO">
    <DesignTime>
      <Attr Name="_isUpdateable" Value="true"/>
      <Attr Name="_aggregation" Value="0"/>
      <Attr Name="_finderName" Value="EmployeeEO"/>
      <Attr Name="_foreignKey" Value="model.entities.EmployeeEO.FkDeptno"/>
    </DesignTime>
    <AttrArray Name="Attributes">
      <Item Value="model.entities.EmployeeEO.Deptno"/>
    </AttrArray>
  </AssociationEnd>
</Association>
