<?xml version="1.0" encoding="windows-1252" ?>
<!DOCTYPE Entity SYSTEM "jbo_03_01.dtd">
<!---->
<Entity
  xmlns="http://xmlns.oracle.com/bc4j"
  Name="LoginFieldEO"
  Version="12.2.1.22.48"
  InheritPersonalization="merge"
  DBObjectType="table"
  DBObjectName="LOGIN_FIELDS"
  AliasName="LoginFieldEO"
  BindingStyle="OracleName">
  <Attribute
    Name="Username"
    Precision="255"
    ColumnName="USERNAME"
    SQLType="VARCHAR"
    Type="java.lang.String"
    ColumnType="VARCHAR2"
    TableName="LOGIN_FIELDS"
    PrimaryKey="true">
    <DesignTime>
      <Attr Name="_DisplaySize" Value="255"/>
    </DesignTime>
    <Properties>
      <SchemaBasedProperties>
        <AUTOSUBMIT
          Value="true"/>
      </SchemaBasedProperties>
    </Properties>
  </Attribute>
  <Attribute
    Name="Password"
    Precision="255"
    ColumnName="PASSWORD"
    SQLType="VARCHAR"
    Type="java.lang.String"
    ColumnType="VARCHAR2"
    TableName="LOGIN_FIELDS">
    <DesignTime>
      <Attr Name="_DisplaySize" Value="255"/>
    </DesignTime>
    <Properties>
      <SchemaBasedProperties>
        <AUTOSUBMIT
          Value="true"/>
      </SchemaBasedProperties>
    </Properties>
  </Attribute>
  <Key
    Name="LoginfieldeoPrimaryKey"
    PrimaryKey="true">
    <DesignTime>
      <Attr Name="_DBObjectName" Value="LOGINFIELDEO_PRIMARY_KEY"/>
    </DesignTime>
    <AttrArray Name="Attributes">
      <Item Value="model.entities.LoginFieldEO.Username"/>
    </AttrArray>
  </Key>
</Entity>
