<?xml version="1.0" encoding="windows-1252" ?>
<adfc-config xmlns="http://xmlns.oracle.com/adf/controller" version="1.2">
  <task-flow-definition id="ApplicationTaskFlow">
    <default-activity>ApplicationView</default-activity>
    <data-control-scope>
      <shared/>
    </data-control-scope>
    <managed-bean id="__1">
      <managed-bean-name>ApplicationBean</managed-bean-name>
      <managed-bean-class>view.bean.ApplicationBean</managed-bean-class>
      <managed-bean-scope>pageFlow</managed-bean-scope>
    </managed-bean>
    <view id="ApplicationView">
      <page>/ApplicationView.jsff</page>
    </view>
    <use-page-fragments/>
  </task-flow-definition>
</adfc-config>
