<?xml version="1.0" encoding="windows-1252" ?>
<!DOCTYPE AppModule SYSTEM "jbo_03_01.dtd">
<!---->
<AppModule
  xmlns="http://xmlns.oracle.com/bc4j"
  Name="PracTask5AM"
  Version="12.2.1.22.48"
  InheritPersonalization="merge"
  ClearCacheOnRollback="true"
  ComponentClass="model.service.PracTask5AMImpl">
  <DesignTime>
    <Attr Name="_isCodegen" Value="true"/>
  </DesignTime>
  <Properties>
    <SchemaBasedProperties>
      <LABEL
        ResId="model.service.PracTask5AM_LABEL"/>
    </SchemaBasedProperties>
  </Properties>
  <ViewUsage
    Name="UsersDataEOBasedVO1"
    ViewObjectName="model.view.UsersDataEOBasedVO"/>
  <ViewUsage
    Name="UsersDataQueryBasedVO1"
    ViewObjectName="model.view.UsersDataQueryBasedVO"/>
  <ViewUsage
    Name="UsersIDVO1"
    ViewObjectName="model.view.UsersIDVO"/>
  <ResourceBundle>
    <PropertiesBundle
      PropertiesFile="model.ModelBundle"/>
  </ResourceBundle>
</AppModule>
