<?xml version="1.0" encoding="windows-1252" ?>
<!DOCTYPE Entity SYSTEM "jbo_03_01.dtd">
<!---->
<Entity
  xmlns="http://xmlns.oracle.com/bc4j"
  Name="UserDataEO"
  Version="12.2.1.22.48"
  InheritPersonalization="merge"
  DBObjectType="table"
  DBObjectName="USERS_DATA"
  AliasName="UserDataEO"
  BindingStyle="OracleName"
  RowClass="model.entity.UserDataEOImpl">
  <DesignTime>
    <Attr Name="_codeGenFlag2" Value="Init|Access"/>
    <Attr Name="_isCodegen" Value="true"/>
  </DesignTime>
  <Attribute
    Name="UserId"
    IsNotNull="true"
    ColumnName="USER_ID"
    SQLType="NUMERIC"
    Type="oracle.jbo.domain.Number"
    ColumnType="NUMBER"
    TableName="USERS_DATA"
    PrimaryKey="true"/>
  <Attribute
    Name="UserName"
    Precision="50"
    ColumnName="USER_NAME"
    SQLType="VARCHAR"
    Type="java.lang.String"
    ColumnType="VARCHAR2"
    TableName="USERS_DATA">
    <DesignTime>
      <Attr Name="_DisplaySize" Value="50"/>
    </DesignTime>
  </Attribute>
  <Attribute
    Name="Password"
    Precision="255"
    ColumnName="PASSWORD"
    SQLType="VARCHAR"
    Type="java.lang.String"
    ColumnType="VARCHAR2"
    TableName="USERS_DATA">
    <DesignTime>
      <Attr Name="_DisplaySize" Value="255"/>
    </DesignTime>
  </Attribute>
  <Attribute
    Name="CreatedDate"
    ColumnName="CREATED_DATE"
    SQLType="DATE"
    Type="java.sql.Timestamp"
    ColumnType="DATE"
    TableName="USERS_DATA"/>
  <Attribute
    Name="PasswordValidUpto"
    ColumnName="PASSWORD_VALID_UPTO"
    SQLType="DATE"
    Type="java.sql.Timestamp"
    ColumnType="DATE"
    TableName="USERS_DATA"/>
  <Attribute
    Name="LastUpdatedDate"
    ColumnName="LAST_UPDATED_DATE"
    SQLType="DATE"
    Type="java.sql.Timestamp"
    ColumnType="DATE"
    TableName="USERS_DATA"/>
  <Key
    Name="SysC0017689"
    PrimaryKey="true">
    <DesignTime>
      <Attr Name="_DBObjectName" Value="SYS_C0017689"/>
    </DesignTime>
    <AttrArray Name="Attributes">
      <Item Value="model.entity.UserDataEO.UserId"/>
    </AttrArray>
  </Key>
</Entity>
