<?xml version="1.0" encoding="windows-1252" ?>
<adfc-config xmlns="http://xmlns.oracle.com/adf/controller" version="1.2">
  <task-flow-definition id="LoginTaskFlow">
    <default-activity>LoginView</default-activity>
    <data-control-scope>
      <shared/>
    </data-control-scope>
    <managed-bean id="__4">
      <managed-bean-name>LoginBean</managed-bean-name>
      <managed-bean-class>view.bean.LoginBean</managed-bean-class>
      <managed-bean-scope>pageFlow</managed-bean-scope>
    </managed-bean>
    <view id="LoginView">
      <page>/LoginView.jsff</page>
    </view>
    <task-flow-call id="ApplicationTaskFlow">
      <task-flow-reference>
        <document>/WEB-INF/ApplicationTaskFlow.xml</document>
        <id>ApplicationTaskFlow</id>
      </task-flow-reference>
    </task-flow-call>
    <control-flow-rule id="__1">
      <from-activity-id>LoginView</from-activity-id>
      <control-flow-case id="__2">
        <from-outcome>callcalculator</from-outcome>
        <to-activity-id>ApplicationTaskFlow</to-activity-id>
      </control-flow-case>
    </control-flow-rule>
    <use-page-fragments/>
  </task-flow-definition>
</adfc-config>
