<References xmlns="http://xmlns.oracle.com/adf/jndi">
  <Reference name="ADF" className="oracle.jdeveloper.db.adapter.DatabaseProvider" credentialStoreKey="ADF" xmlns="">
    <Factory className="oracle.jdevimpl.db.adapter.DatabaseProviderFactory1212"/>
    <RefAddresses>
      <StringRefAddr addrType="customUrl">
        <Contents>jdbc:oracle:thin:@(DESCRIPTION =(ADDRESS = (PROTOCOL = TCP)(HOST = exadata-scan.industowers.com)(PORT
                  = 1521))(CONNECT_DATA =(SERVER = DEDICATED)(SERVICE_NAME = xxenergydev.industowers.com)))</Contents>
      </StringRefAddr>
      <SecureRefAddr addrType="password"/>
      <StringRefAddr addrType="subtype">
        <Contents>oraJDBC</Contents>
      </StringRefAddr>
      <StringRefAddr addrType="user">
        <Contents>XXENERGY</Contents>
      </StringRefAddr>
    </RefAddresses>
  </Reference>
</References>