<?xml version="1.0" encoding="windows-1252" ?>
<!DOCTYPE AppModule SYSTEM "jbo_03_01.dtd">
<!---->
<AppModule
  xmlns="http://xmlns.oracle.com/bc4j"
  Name="SearchButtonPopUpAM"
  Version="12.2.1.22.48"
  InheritPersonalization="merge"
  ClearCacheOnRollback="true"
  ComponentClass="model.service.SearchButtonPopUpAMImpl">
  <DesignTime>
    <Attr Name="_isCodegen" Value="true"/>
  </DesignTime>
  <Properties>
    <SchemaBasedProperties>
      <LABEL
        ResId="model.service.SearchButtonPopUpAM_LABEL"/>
    </SchemaBasedProperties>
  </Properties>
  <ViewUsage
    Name="TransVO1"
    ViewObjectName="model.view.TransVO"/>
  <ViewUsage
    Name="EmployeeDetailVO1"
    ViewObjectName="model.view.EmployeeDetailVO"/>
  <ResourceBundle>
    <PropertiesBundle
      PropertiesFile="model.ModelBundle"/>
  </ResourceBundle>
</AppModule>
