<?xml version="1.0" encoding="windows-1252" ?>
<adfc-config xmlns="http://xmlns.oracle.com/adf/controller" version="1.2">
  <task-flow-definition id="LoginPageTaskFlow">
    <default-activity>LoginPageView</default-activity>
    <data-control-scope>
      <shared/>
    </data-control-scope>
    <managed-bean id="__4">
      <managed-bean-name>LoginPageBean</managed-bean-name>
      <managed-bean-class>view.bean.LoginPageBean</managed-bean-class>
      <managed-bean-scope>pageFlow</managed-bean-scope>
    </managed-bean>
    <view id="LoginPageView">
      <page>/LoginPageView.jsff</page>
    </view>
    <task-flow-call id="InsertPageTaskFlow">
      <task-flow-reference>
        <document>/WEB-INF/InsertPageTaskFlow.xml</document>
        <id>InsertPageTaskFlow</id>
      </task-flow-reference>
    </task-flow-call>
    <task-flow-call id="UserDataTableTaskFlow">
      <task-flow-reference>
        <document>/WEB-INF/UserDataTableTaskFlow.xml</document>
        <id>UserDataTableTaskFlow</id>
      </task-flow-reference>
    </task-flow-call>
    <task-flow-call id="UpdatePasswordTaskFlow">
      <task-flow-reference>
        <document>/WEB-INF/UpdatePasswordTaskFlow.xml</document>
        <id>UpdatePasswordTaskFlow</id>
      </task-flow-reference>
    </task-flow-call>
    <control-flow-rule id="__1">
      <from-activity-id>LoginPageView</from-activity-id>
      <control-flow-case id="__2">
        <from-outcome>ForInsertion</from-outcome>
        <to-activity-id>InsertPageTaskFlow</to-activity-id>
      </control-flow-case>
      <control-flow-case id="__3">
        <from-outcome>ForViewTable</from-outcome>
        <to-activity-id>UserDataTableTaskFlow</to-activity-id>
      </control-flow-case>
      <control-flow-case id="__5">
        <from-outcome>ForUpdation</from-outcome>
        <to-activity-id>UpdatePasswordTaskFlow</to-activity-id>
      </control-flow-case>
    </control-flow-rule>
    <use-page-fragments/>
  </task-flow-definition>
</adfc-config>
