<?xml version="1.0" encoding="windows-1252" ?>
<adfc-config xmlns="http://xmlns.oracle.com/adf/controller" version="1.2">
  <task-flow-definition id="ButtonsTaskFlow">
    <default-activity>ButtonsView</default-activity>
    <data-control-scope>
      <shared/>
    </data-control-scope>
    <view id="ButtonsView">
      <page>/ButtonsView.jsff</page>
    </view>
    <task-flow-call id="DepartmentTaskFlow">
      <task-flow-reference>
        <document>/WEB-INF/DepartmentInsertDataTaskFlow.xml</document>
        <id>DepartmentTaskFlow</id>
      </task-flow-reference>
    </task-flow-call>
    <task-flow-return id="taskFlowReturn1">
      <outcome>
        <name>taskFlowReturn1</name>
      </outcome>
    </task-flow-return>
    <task-flow-call id="DepartmentReadView">
      <task-flow-reference>
        <document>/WEB-INF/DepartmentReadTaskFlow.xml</document>
        <id>DepartmentReadView</id>
      </task-flow-reference>
    </task-flow-call>
    <task-flow-call id="EmployeeInsertDataTaskFlow">
      <task-flow-reference>
        <document>/WEB-INF/EmployeeInsertDataTaskFlow.xml</document>
        <id>EmployeeInsertDataTaskFlow</id>
      </task-flow-reference>
    </task-flow-call>
    <task-flow-call id="EmployeeReadTaskFlow">
      <task-flow-reference>
        <document>/WEB-INF/EmployeeReadTaskFlow.xml</document>
        <id>EmployeeReadTaskFlow</id>
      </task-flow-reference>
    </task-flow-call>
    <method-call id="Rollback">
      <method>#{bindings.Rollback.execute}</method>
      <outcome>
        <fixed-outcome>Rollback</fixed-outcome>
      </outcome>
    </method-call>
    <control-flow-rule id="__1">
      <from-activity-id>ButtonsView</from-activity-id>
      <control-flow-case id="__2">
        <from-outcome>CallDepartmentInsertData</from-outcome>
        <to-activity-id>DepartmentTaskFlow</to-activity-id>
      </control-flow-case>
      <control-flow-case id="__3">
        <from-outcome>BackToHomePage</from-outcome>
        <to-activity-id>taskFlowReturn1</to-activity-id>
      </control-flow-case>
      <control-flow-case id="__4">
        <from-outcome>CallDepartmentReadData</from-outcome>
        <to-activity-id>DepartmentReadView</to-activity-id>
      </control-flow-case>
      <control-flow-case id="__5">
        <from-outcome>CallEmployeeInsertData</from-outcome>
        <to-activity-id>EmployeeInsertDataTaskFlow</to-activity-id>
      </control-flow-case>
      <control-flow-case id="__6">
        <from-outcome>CallEmployeeReadData</from-outcome>
        <to-activity-id>EmployeeReadTaskFlow</to-activity-id>
      </control-flow-case>
    </control-flow-rule>
    <use-page-fragments/>
  </task-flow-definition>
</adfc-config>
