<?xml version="1.0" encoding="windows-1252" ?>
<adfc-config xmlns="http://xmlns.oracle.com/adf/controller" version="1.2">
  <task-flow-definition id="DepartmentReadView">
    <default-activity>DepartmentReadView</default-activity>
    <data-control-scope>
      <shared/>
    </data-control-scope>
    <view id="DepartmentReadView">
      <page>/DepartmentReadView.jsff</page>
    </view>
    <task-flow-return id="taskFlowReturn1">
      <outcome>
        <name>taskFlowReturn1</name>
      </outcome>
    </task-flow-return>
    <task-flow-call id="HomePageTaskFlow">
      <task-flow-reference>
        <document>/WEB-INF/HomePageTaskFlow.xml</document>
        <id>HomePageTaskFlow</id>
      </task-flow-reference>
    </task-flow-call>
    <control-flow-rule id="__1">
      <from-activity-id>DepartmentReadView</from-activity-id>
      <control-flow-case id="__2">
        <from-outcome>BackToButtons</from-outcome>
        <to-activity-id>taskFlowReturn1</to-activity-id>
      </control-flow-case>
      <control-flow-case id="__3">
        <from-outcome>BackToHomePage</from-outcome>
        <to-activity-id>HomePageTaskFlow</to-activity-id>
      </control-flow-case>
    </control-flow-rule>
    <use-page-fragments/>
  </task-flow-definition>
</adfc-config>
