<?xml version="1.0" encoding="windows-1252" ?>
<adfc-config xmlns="http://xmlns.oracle.com/adf/controller" version="1.2">
  <task-flow-definition id="HomePageTaskFlow">
    <default-activity>HomePageView</default-activity>
    <data-control-scope>
      <shared/>
    </data-control-scope>
    <managed-bean id="__3">
      <managed-bean-name>LoginButtonBean</managed-bean-name>
      <managed-bean-class>view.bean.LoginButtonBean</managed-bean-class>
      <managed-bean-scope>pageFlow</managed-bean-scope>
    </managed-bean>
    <view id="HomePageView">
      <page>/HomePageView.jsff</page>
    </view>
    <task-flow-call id="ButtonsTaskFlow">
      <task-flow-reference>
        <document>/WEB-INF/ButtonsTaskFlow.xml</document>
        <id>ButtonsTaskFlow</id>
      </task-flow-reference>
    </task-flow-call>
    <task-flow-call id="LoginInsertDataTaskFlow">
      <task-flow-reference>
        <document>/WEB-INF/LoginInsertDataTaskFlow.xml</document>
        <id>LoginInsertDataTaskFlow</id>
      </task-flow-reference>
    </task-flow-call>
    <control-flow-rule id="__1">
      <from-activity-id>HomePageView</from-activity-id>
      <control-flow-case id="__2">
        <from-outcome>CallButtonsPage</from-outcome>
        <to-activity-id>ButtonsTaskFlow</to-activity-id>
      </control-flow-case>
      <control-flow-case id="__4">
        <from-outcome>ForNewUSer</from-outcome>
        <to-activity-id>LoginInsertDataTaskFlow</to-activity-id>
      </control-flow-case>
    </control-flow-rule>
    <use-page-fragments/>
  </task-flow-definition>
</adfc-config>
