<?xml version="1.0" encoding="windows-1252" ?>
<adfc-config xmlns="http://xmlns.oracle.com/adf/controller" version="1.2">
  <task-flow-definition id="LoginInsertDataTaskFlow">
    <default-activity>LoginInsertView</default-activity>
    <data-control-scope>
      <shared/>
    </data-control-scope>
    <view id="LoginInsertView">
      <page>/LoginInsertView.jsff</page>
    </view>
    <task-flow-return id="taskFlowReturn1">
      <outcome>
        <name>taskFlowReturn1</name>
      </outcome>
    </task-flow-return>
    <task-flow-return id="taskFlowReturn2">
      <outcome>
        <name>taskFlowReturn2</name>
      </outcome>
    </task-flow-return>
    <control-flow-rule id="__1">
      <from-activity-id>LoginInsertView</from-activity-id>
      <control-flow-case id="__2">
        <from-outcome>ForHomePage</from-outcome>
        <to-activity-id>taskFlowReturn1</to-activity-id>
      </control-flow-case>
      <control-flow-case id="__3">
        <from-outcome>ToHomePage</from-outcome>
        <to-activity-id>taskFlowReturn2</to-activity-id>
      </control-flow-case>
    </control-flow-rule>
    <use-page-fragments/>
  </task-flow-definition>
</adfc-config>
