<?xml version="1.0" encoding="windows-1252" ?>
<!DOCTYPE AppModule SYSTEM "jbo_03_01.dtd">
<!---->
<AppModule
  xmlns="http://xmlns.oracle.com/bc4j"
  Name="Application16AM"
  Version="12.2.1.22.48"
  InheritPersonalization="merge"
  ClearCacheOnRollback="true"
  ComponentClass="model.service.Application16AMImpl">
  <DesignTime>
    <Attr Name="_isCodegen" Value="true"/>
  </DesignTime>
  <Properties>
    <SchemaBasedProperties>
      <LABEL
        ResId="model.service.Application16AM_LABEL"/>
    </SchemaBasedProperties>
  </Properties>
  <ViewUsage
    Name="DepartmentVO1"
    ViewObjectName="model.view.DepartmentVO"/>
  <ViewUsage
    Name="EmployeeVO1"
    ViewObjectName="model.view.EmployeeVO"/>
  <ViewUsage
    Name="DepartmentVO2"
    ViewObjectName="model.view.DepartmentVO"/>
  <ViewUsage
    Name="EmployeeVO2"
    ViewObjectName="model.view.EmployeeVO"/>
  <ViewUsage
    Name="LoginQryVO1"
    ViewObjectName="model.view.LoginQryVO"/>
  <ViewUsage
    Name="LoginEOBasedVO1"
    ViewObjectName="model.view.LoginEOBasedVO"/>
  <ViewLinkUsage
    Name="DepartmentAndEmployeeVL1"
    ViewLinkObjectName="model.view.DepartmentAndEmployeeVL"
    SrcViewUsageName="model.service.Application16AM.DepartmentVO2"
    DstViewUsageName="model.service.Application16AM.EmployeeVO2"
    Reversed="false"/>
  <ResourceBundle>
    <PropertiesBundle
      PropertiesFile="model.ModelBundle"/>
  </ResourceBundle>
</AppModule>
