<?xml version="1.0" encoding="windows-1252" ?>
<!DOCTYPE Entity SYSTEM "jbo_03_01.dtd">
<!---->
<Entity
  xmlns="http://xmlns.oracle.com/bc4j"
  Name="EmployeeEO"
  Version="12.2.1.22.48"
  InheritPersonalization="merge"
  DBObjectType="table"
  DBObjectName="EMPLOYEES1"
  AliasName="EmployeeEO"
  BindingStyle="OracleName">
  <Attribute
    Name="Empno"
    IsNotNull="true"
    ColumnName="EMPNO"
    SQLType="NUMERIC"
    Type="oracle.jbo.domain.Number"
    ColumnType="NUMBER"
    TableName="EMPLOYEES1"
    PrimaryKey="true"/>
  <Attribute
    Name="Ename"
    Precision="10"
    ColumnName="ENAME"
    SQLType="VARCHAR"
    Type="java.lang.String"
    ColumnType="VARCHAR2"
    TableName="EMPLOYEES1">
    <DesignTime>
      <Attr Name="_DisplaySize" Value="10"/>
    </DesignTime>
  </Attribute>
  <Attribute
    Name="Job"
    Precision="9"
    ColumnName="JOB"
    SQLType="VARCHAR"
    Type="java.lang.String"
    ColumnType="VARCHAR2"
    TableName="EMPLOYEES1">
    <DesignTime>
      <Attr Name="_DisplaySize" Value="9"/>
    </DesignTime>
  </Attribute>
  <Attribute
    Name="Mgr"
    ColumnName="MGR"
    SQLType="NUMERIC"
    Type="java.math.BigDecimal"
    ColumnType="NUMBER"
    TableName="EMPLOYEES1"/>
  <Attribute
    Name="Hiredate"
    ColumnName="HIREDATE"
    SQLType="DATE"
    Type="java.sql.Timestamp"
    ColumnType="DATE"
    TableName="EMPLOYEES1"/>
  <Attribute
    Name="Sal"
    ColumnName="SAL"
    SQLType="NUMERIC"
    Type="java.math.BigDecimal"
    ColumnType="NUMBER"
    TableName="EMPLOYEES1"/>
  <Attribute
    Name="Comm"
    ColumnName="COMM"
    SQLType="NUMERIC"
    Type="java.math.BigDecimal"
    ColumnType="NUMBER"
    TableName="EMPLOYEES1"/>
  <Attribute
    Name="Deptno"
    ColumnName="DEPTNO"
    SQLType="NUMERIC"
    Type="java.math.BigDecimal"
    ColumnType="NUMBER"
    TableName="EMPLOYEES1"/>
  <Attribute
    Name="EmpCityId"
    ColumnName="EMP_CITY_ID"
    SQLType="NUMERIC"
    Type="oracle.jbo.domain.Number"
    ColumnType="NUMBER"
    TableName="EMPLOYEES1"/>
  <Attribute
    Name="EmpStateId"
    ColumnName="EMP_STATE_ID"
    SQLType="NUMERIC"
    Type="oracle.jbo.domain.Number"
    ColumnType="NUMBER"
    TableName="EMPLOYEES1"/>
  <Attribute
    Name="EmpCountryId"
    ColumnName="EMP_COUNTRY_ID"
    SQLType="NUMERIC"
    Type="oracle.jbo.domain.Number"
    ColumnType="NUMBER"
    TableName="EMPLOYEES1"/>
  <Key
    Name="SysC0017237"
    PrimaryKey="true">
    <DesignTime>
      <Attr Name="_DBObjectName" Value="SYS_C0017237"/>
    </DesignTime>
    <AttrArray Name="Attributes">
      <Item Value="model.entity.EmployeeEO.Empno"/>
    </AttrArray>
  </Key>
  <Key
    Name="FkCId">
    <DesignTime>
      <Attr Name="_referencedKey" Value="PK_COUNTRY"/>
      <Attr Name="_isForeign" Value="true"/>
      <Attr Name="_DBObjectName" Value="FK_C_ID"/>
    </DesignTime>
    <AttrArray Name="Attributes">
      <Item Value="model.entity.EmployeeEO.EmpCountryId"/>
    </AttrArray>
  </Key>
  <Key
    Name="FkCityId">
    <DesignTime>
      <Attr Name="_referencedKey" Value="PK_CITY"/>
      <Attr Name="_isForeign" Value="true"/>
      <Attr Name="_DBObjectName" Value="FK_CITY_ID"/>
    </DesignTime>
    <AttrArray Name="Attributes">
      <Item Value="model.entity.EmployeeEO.EmpCityId"/>
    </AttrArray>
  </Key>
  <Key
    Name="FkDeptno">
    <DesignTime>
      <Attr Name="_referencedKey" Value="PK_DEPT"/>
      <Attr Name="_isForeign" Value="true"/>
      <Attr Name="_DBObjectName" Value="FK_DEPTNO"/>
    </DesignTime>
    <AttrArray Name="Attributes">
      <Item Value="model.entity.EmployeeEO.Deptno"/>
    </AttrArray>
  </Key>
  <Key
    Name="FkSId">
    <DesignTime>
      <Attr Name="_referencedKey" Value="PK_STATE"/>
      <Attr Name="_isForeign" Value="true"/>
      <Attr Name="_DBObjectName" Value="FK_S_ID"/>
    </DesignTime>
    <AttrArray Name="Attributes">
      <Item Value="model.entity.EmployeeEO.EmpStateId"/>
    </AttrArray>
  </Key>
</Entity>
