<?xml version="1.0" encoding="windows-1252" ?>
<adfc-config xmlns="http://xmlns.oracle.com/adf/controller" version="1.2">
  <task-flow-definition id="InsertPageTaskFlow">
    <default-activity>InsertDataView</default-activity>
    <data-control-scope>
      <shared/>
    </data-control-scope>
    <managed-bean id="__3">
      <managed-bean-name>InsertPageBean</managed-bean-name>
      <managed-bean-class>view.bean.InsertPageBean</managed-bean-class>
      <managed-bean-scope>pageFlow</managed-bean-scope>
    </managed-bean>
    <view id="InsertDataView">
      <page>/InsertDataView.jsff</page>
    </view>
    <task-flow-return id="taskFlowReturn1">
      <outcome>
        <name>taskFlowReturn1</name>
      </outcome>
    </task-flow-return>
    <control-flow-rule id="__1">
      <from-activity-id>InsertDataView</from-activity-id>
      <control-flow-case id="__2">
        <from-outcome>Back</from-outcome>
        <to-activity-id>taskFlowReturn1</to-activity-id>
      </control-flow-case>
    </control-flow-rule>
    <use-page-fragments/>
  </task-flow-definition>
</adfc-config>
